sku,title,description,category,material,origin_district,price_rwf,artisan_id
RW-1000,Rwandan Kitenge Dress,Beautiful handmade kitenge dress with traditional African patterns made by local artisans in Kigali,apparel,cotton,Kimironko,31184,ART-001
RW-1001,Cotton Wrap Skirt,Handwoven cotton wrap skirt made by local artisans in Rwanda cooperative,apparel,linen,Kicukiro,8556,ART-002
RW-1002,Linen Safari Shirt,Lightweight linen shirt perfect for Rwandan climate handmade locally,apparel,silk,Gasabo,74097,ART-003
RW-1003,Imigongo Print Shirt,Shirt featuring traditional Rwandan Imigongo geometric art patterns,apparel,wool,Musanze,66196,ART-004
RW-1004,Handmade Wool Sweater,Warm wool sweater knitted by Kigali women cooperative artisans,apparel,kitenge,Huye,60513,ART-005
RW-1005,Kitenge Blazer,Professional blazer made from authentic African kitenge fabric Rwanda,apparel,cotton,Rubavu,38579,ART-006
RW-1006,Cotton Summer Dress,Light cotton dress handmade by local Rwandan seamstress cooperative,apparel,linen,Muhanga,28868,ART-007
RW-1007,African Print Jumpsuit,Trendy jumpsuit made from local African print fabric Kigali artisan,apparel,silk,Kimironko,144964,ART-008
RW-1008,Rwandan Kitenge Dress,Beautiful handmade kitenge dress with traditional African patterns made by local artisans in Kigali,apparel,wool,Kicukiro,24790,ART-009
RW-1009,Cotton Wrap Skirt,Handwoven cotton wrap skirt made by local artisans in Rwanda cooperative,apparel,kitenge,Gasabo,112604,ART-010
RW-1010,Linen Safari Shirt,Lightweight linen shirt perfect for Rwandan climate handmade locally,apparel,cotton,Musanze,10331,ART-011
RW-1011,Imigongo Print Shirt,Shirt featuring traditional Rwandan Imigongo geometric art patterns,apparel,linen,Huye,9811,ART-012
RW-1012,Handmade Wool Sweater,Warm wool sweater knitted by Kigali women cooperative artisans,apparel,silk,Rubavu,26561,ART-013
RW-1013,Kitenge Blazer,Professional blazer made from authentic African kitenge fabric Rwanda,apparel,wool,Muhanga,59314,ART-014
RW-1014,Cotton Summer Dress,Light cotton dress handmade by local Rwandan seamstress cooperative,apparel,kitenge,Kimironko,62990,ART-015
RW-1015,African Print Jumpsuit,Trendy jumpsuit made from local African print fabric Kigali artisan,apparel,cotton,Kicukiro,134475,ART-016
RW-1016,Rwandan Kitenge Dress,Beautiful handmade kitenge dress with traditional African patterns made by local artisans in Kigali,apparel,linen,Gasabo,8956,ART-017
RW-1017,Cotton Wrap Skirt,Handwoven cotton wrap skirt made by local artisans in Rwanda cooperative,apparel,silk,Musanze,149127,ART-018
RW-1018,Linen Safari Shirt,Lightweight linen shirt perfect for Rwandan climate handmade locally,apparel,wool,Huye,54124,ART-019
RW-1019,Imigongo Print Shirt,Shirt featuring traditional Rwandan Imigongo geometric art patterns,apparel,kitenge,Rubavu,144853,ART-020
RW-1020,Handmade Wool Sweater,Warm wool sweater knitted by Kigali women cooperative artisans,apparel,cotton,Muhanga,111974,ART-021
RW-1021,Kitenge Blazer,Professional blazer made from authentic African kitenge fabric Rwanda,apparel,linen,Kimironko,59787,ART-022
RW-1022,Cotton Summer Dress,Light cotton dress handmade by local Rwandan seamstress cooperative,apparel,silk,Kicukiro,119757,ART-023
RW-1023,African Print Jumpsuit,Trendy jumpsuit made from local African print fabric Kigali artisan,apparel,wool,Gasabo,74926,ART-024
RW-1024,Rwandan Kitenge Dress,Beautiful handmade kitenge dress with traditional African patterns made by local artisans in Kigali,apparel,kitenge,Musanze,3703,ART-025
RW-1025,Cotton Wrap Skirt,Handwoven cotton wrap skirt made by local artisans in Rwanda cooperative,apparel,cotton,Huye,43853,ART-026
RW-1026,Linen Safari Shirt,Lightweight linen shirt perfect for Rwandan climate handmade locally,apparel,linen,Rubavu,112785,ART-027
RW-1027,Imigongo Print Shirt,Shirt featuring traditional Rwandan Imigongo geometric art patterns,apparel,silk,Muhanga,91194,ART-028
RW-1028,Handmade Wool Sweater,Warm wool sweater knitted by Kigali women cooperative artisans,apparel,wool,Kimironko,74842,ART-029
RW-1029,Kitenge Blazer,Professional blazer made from authentic African kitenge fabric Rwanda,apparel,kitenge,Kicukiro,42758,ART-030
RW-1030,Cotton Summer Dress,Light cotton dress handmade by local Rwandan seamstress cooperative,apparel,cotton,Gasabo,58443,ART-031
RW-1031,African Print Jumpsuit,Trendy jumpsuit made from local African print fabric Kigali artisan,apparel,linen,Musanze,90236,ART-032
RW-1032,Rwandan Kitenge Dress,Beautiful handmade kitenge dress with traditional African patterns made by local artisans in Kigali,apparel,silk,Huye,28793,ART-033
RW-1033,Cotton Wrap Skirt,Handwoven cotton wrap skirt made by local artisans in Rwanda cooperative,apparel,wool,Rubavu,26312,ART-034
RW-1034,Linen Safari Shirt,Lightweight linen shirt perfect for Rwandan climate handmade locally,apparel,kitenge,Muhanga,101595,ART-035
RW-1035,Imigongo Print Shirt,Shirt featuring traditional Rwandan Imigongo geometric art patterns,apparel,cotton,Kimironko,27353,ART-036
RW-1036,Handmade Wool Sweater,Warm wool sweater knitted by Kigali women cooperative artisans,apparel,linen,Kicukiro,96104,ART-037
RW-1037,Kitenge Blazer,Professional blazer made from authentic African kitenge fabric Rwanda,apparel,silk,Gasabo,92165,ART-038
RW-1038,Cotton Summer Dress,Light cotton dress handmade by local Rwandan seamstress cooperative,apparel,wool,Musanze,71342,ART-039
RW-1039,African Print Jumpsuit,Trendy jumpsuit made from local African print fabric Kigali artisan,apparel,kitenge,Huye,13390,ART-040
RW-1040,Rwandan Kitenge Dress,Beautiful handmade kitenge dress with traditional African patterns made by local artisans in Kigali,apparel,cotton,Rubavu,122435,ART-041
RW-1041,Cotton Wrap Skirt,Handwoven cotton wrap skirt made by local artisans in Rwanda cooperative,apparel,linen,Muhanga,142568,ART-042
RW-1042,Linen Safari Shirt,Lightweight linen shirt perfect for Rwandan climate handmade locally,apparel,silk,Kimironko,34722,ART-043
RW-1043,Imigongo Print Shirt,Shirt featuring traditional Rwandan Imigongo geometric art patterns,apparel,wool,Kicukiro,101230,ART-044
RW-1044,Handmade Wool Sweater,Warm wool sweater knitted by Kigali women cooperative artisans,apparel,kitenge,Gasabo,22656,ART-045
RW-1045,Kitenge Blazer,Professional blazer made from authentic African kitenge fabric Rwanda,apparel,cotton,Musanze,146714,ART-046
RW-1046,Cotton Summer Dress,Light cotton dress handmade by local Rwandan seamstress cooperative,apparel,linen,Huye,78854,ART-047
RW-1047,African Print Jumpsuit,Trendy jumpsuit made from local African print fabric Kigali artisan,apparel,silk,Rubavu,96800,ART-048
RW-1048,Rwandan Kitenge Dress,Beautiful handmade kitenge dress with traditional African patterns made by local artisans in Kigali,apparel,wool,Muhanga,52407,ART-049
RW-1049,Cotton Wrap Skirt,Handwoven cotton wrap skirt made by local artisans in Rwanda cooperative,apparel,kitenge,Kimironko,20233,ART-050
RW-1050,Linen Safari Shirt,Lightweight linen shirt perfect for Rwandan climate handmade locally,apparel,cotton,Kicukiro,14012,ART-001
RW-1051,Imigongo Print Shirt,Shirt featuring traditional Rwandan Imigongo geometric art patterns,apparel,linen,Gasabo,61742,ART-002
RW-1052,Handmade Wool Sweater,Warm wool sweater knitted by Kigali women cooperative artisans,apparel,silk,Musanze,77861,ART-003
RW-1053,Kitenge Blazer,Professional blazer made from authentic African kitenge fabric Rwanda,apparel,wool,Huye,22916,ART-004
RW-1054,Cotton Summer Dress,Light cotton dress handmade by local Rwandan seamstress cooperative,apparel,kitenge,Rubavu,63024,ART-005
RW-1055,African Print Jumpsuit,Trendy jumpsuit made from local African print fabric Kigali artisan,apparel,cotton,Muhanga,28476,ART-006
RW-1056,Rwandan Kitenge Dress,Beautiful handmade kitenge dress with traditional African patterns made by local artisans in Kigali,apparel,linen,Kimironko,101647,ART-007
RW-1057,Cotton Wrap Skirt,Handwoven cotton wrap skirt made by local artisans in Rwanda cooperative,apparel,silk,Kicukiro,74869,ART-008
RW-1058,Linen Safari Shirt,Lightweight linen shirt perfect for Rwandan climate handmade locally,apparel,wool,Gasabo,120858,ART-009
RW-1059,Imigongo Print Shirt,Shirt featuring traditional Rwandan Imigongo geometric art patterns,apparel,kitenge,Musanze,97638,ART-010
RW-1060,Handmade Wool Sweater,Warm wool sweater knitted by Kigali women cooperative artisans,apparel,cotton,Huye,44638,ART-011
RW-1061,Kitenge Blazer,Professional blazer made from authentic African kitenge fabric Rwanda,apparel,linen,Rubavu,99040,ART-012
RW-1062,Cotton Summer Dress,Light cotton dress handmade by local Rwandan seamstress cooperative,apparel,silk,Muhanga,95132,ART-013
RW-1063,African Print Jumpsuit,Trendy jumpsuit made from local African print fabric Kigali artisan,apparel,wool,Kimironko,56921,ART-014
RW-1064,Rwandan Kitenge Dress,Beautiful handmade kitenge dress with traditional African patterns made by local artisans in Kigali,apparel,kitenge,Kicukiro,71986,ART-015
RW-1065,Cotton Wrap Skirt,Handwoven cotton wrap skirt made by local artisans in Rwanda cooperative,apparel,cotton,Gasabo,20717,ART-016
RW-1066,Linen Safari Shirt,Lightweight linen shirt perfect for Rwandan climate handmade locally,apparel,linen,Musanze,46862,ART-017
RW-1067,Imigongo Print Shirt,Shirt featuring traditional Rwandan Imigongo geometric art patterns,apparel,silk,Huye,142021,ART-018
RW-1068,Handmade Wool Sweater,Warm wool sweater knitted by Kigali women cooperative artisans,apparel,wool,Rubavu,66175,ART-019
RW-1069,Kitenge Blazer,Professional blazer made from authentic African kitenge fabric Rwanda,apparel,kitenge,Muhanga,44834,ART-020
RW-1070,Cotton Summer Dress,Light cotton dress handmade by local Rwandan seamstress cooperative,apparel,cotton,Kimironko,123178,ART-021
RW-1071,African Print Jumpsuit,Trendy jumpsuit made from local African print fabric Kigali artisan,apparel,linen,Kicukiro,101471,ART-022
RW-1072,Rwandan Kitenge Dress,Beautiful handmade kitenge dress with traditional African patterns made by local artisans in Kigali,apparel,silk,Gasabo,72765,ART-023
RW-1073,Cotton Wrap Skirt,Handwoven cotton wrap skirt made by local artisans in Rwanda cooperative,apparel,wool,Musanze,148001,ART-024
RW-1074,Linen Safari Shirt,Lightweight linen shirt perfect for Rwandan climate handmade locally,apparel,kitenge,Huye,59570,ART-025
RW-1075,Imigongo Print Shirt,Shirt featuring traditional Rwandan Imigongo geometric art patterns,apparel,cotton,Rubavu,87008,ART-026
RW-1076,Handmade Wool Sweater,Warm wool sweater knitted by Kigali women cooperative artisans,apparel,linen,Muhanga,16663,ART-027
RW-1077,Kitenge Blazer,Professional blazer made from authentic African kitenge fabric Rwanda,apparel,silk,Kimironko,62043,ART-028
RW-1078,Cotton Summer Dress,Light cotton dress handmade by local Rwandan seamstress cooperative,apparel,wool,Kicukiro,10414,ART-029
RW-1079,African Print Jumpsuit,Trendy jumpsuit made from local African print fabric Kigali artisan,apparel,kitenge,Gasabo,84694,ART-030
RW-1080,Kigali Leather Boots,Handcrafted leather boots made by skilled Nyamirambo leatherworker artisans,leather,leather,Nyamirambo,107162,ART-031
RW-1081,Rwanda Leather Handbag,Premium leather handbag crafted by local Nyamirambo leatherworkers,leather,suede,Nyamirambo,72186,ART-032
RW-1082,Leather Wallet Rwanda,Genuine cowhide wallet handmade by Nyamirambo leather artisan,leather,cowhide,Nyamirambo,19350,ART-033
RW-1083,Leather Belt Kigali,Hand-stitched leather belt from Rwandan cowhide by Nyamirambo artisan,leather,leather,Nyamirambo,57307,ART-034
RW-1084,Suede Loafers Kigali,Comfortable suede loafers handcrafted in Nyamirambo by skilled cobbler,leather,suede,Nyamirambo,84490,ART-035
RW-1085,Leather Sandals Rwanda,Traditional leather sandals handmade in Nyamirambo workshop,leather,cowhide,Nyamirambo,57738,ART-036
RW-1086,Leather Backpack Kigali,Durable leather backpack handcrafted by Nyamirambo local artisans,leather,leather,Nyamirambo,132870,ART-037
RW-1087,Cowhide Purse Rwanda,Beautiful cowhide purse made by skilled Nyamirambo leatherworkers,leather,suede,Nyamirambo,105712,ART-038
RW-1088,Kigali Leather Boots,Handcrafted leather boots made by skilled Nyamirambo leatherworker artisans,leather,cowhide,Nyamirambo,122285,ART-039
RW-1089,Rwanda Leather Handbag,Premium leather handbag crafted by local Nyamirambo leatherworkers,leather,leather,Nyamirambo,39452,ART-040
RW-1090,Leather Wallet Rwanda,Genuine cowhide wallet handmade by Nyamirambo leather artisan,leather,suede,Nyamirambo,71436,ART-041
RW-1091,Leather Belt Kigali,Hand-stitched leather belt from Rwandan cowhide by Nyamirambo artisan,leather,cowhide,Nyamirambo,38603,ART-042
RW-1092,Suede Loafers Kigali,Comfortable suede loafers handcrafted in Nyamirambo by skilled cobbler,leather,leather,Nyamirambo,66651,ART-043
RW-1093,Leather Sandals Rwanda,Traditional leather sandals handmade in Nyamirambo workshop,leather,suede,Nyamirambo,149159,ART-044
RW-1094,Leather Backpack Kigali,Durable leather backpack handcrafted by Nyamirambo local artisans,leather,cowhide,Nyamirambo,143289,ART-045
RW-1095,Cowhide Purse Rwanda,Beautiful cowhide purse made by skilled Nyamirambo leatherworkers,leather,leather,Nyamirambo,70876,ART-046
RW-1096,Kigali Leather Boots,Handcrafted leather boots made by skilled Nyamirambo leatherworker artisans,leather,suede,Nyamirambo,114311,ART-047
RW-1097,Rwanda Leather Handbag,Premium leather handbag crafted by local Nyamirambo leatherworkers,leather,cowhide,Nyamirambo,106700,ART-048
RW-1098,Leather Wallet Rwanda,Genuine cowhide wallet handmade by Nyamirambo leather artisan,leather,leather,Nyamirambo,96895,ART-049
RW-1099,Leather Belt Kigali,Hand-stitched leather belt from Rwandan cowhide by Nyamirambo artisan,leather,suede,Nyamirambo,59493,ART-050
RW-1100,Suede Loafers Kigali,Comfortable suede loafers handcrafted in Nyamirambo by skilled cobbler,leather,cowhide,Nyamirambo,38262,ART-001
RW-1101,Leather Sandals Rwanda,Traditional leather sandals handmade in Nyamirambo workshop,leather,leather,Nyamirambo,135569,ART-002
RW-1102,Leather Backpack Kigali,Durable leather backpack handcrafted by Nyamirambo local artisans,leather,suede,Nyamirambo,131372,ART-003
RW-1103,Cowhide Purse Rwanda,Beautiful cowhide purse made by skilled Nyamirambo leatherworkers,leather,cowhide,Nyamirambo,25831,ART-004
RW-1104,Kigali Leather Boots,Handcrafted leather boots made by skilled Nyamirambo leatherworker artisans,leather,leather,Nyamirambo,14351,ART-005
RW-1105,Rwanda Leather Handbag,Premium leather handbag crafted by local Nyamirambo leatherworkers,leather,suede,Nyamirambo,30743,ART-006
RW-1106,Leather Wallet Rwanda,Genuine cowhide wallet handmade by Nyamirambo leather artisan,leather,cowhide,Nyamirambo,42066,ART-007
RW-1107,Leather Belt Kigali,Hand-stitched leather belt from Rwandan cowhide by Nyamirambo artisan,leather,leather,Nyamirambo,43938,ART-008
RW-1108,Suede Loafers Kigali,Comfortable suede loafers handcrafted in Nyamirambo by skilled cobbler,leather,suede,Nyamirambo,112666,ART-009
RW-1109,Leather Sandals Rwanda,Traditional leather sandals handmade in Nyamirambo workshop,leather,cowhide,Nyamirambo,18653,ART-010
RW-1110,Leather Backpack Kigali,Durable leather backpack handcrafted by Nyamirambo local artisans,leather,leather,Nyamirambo,102864,ART-011
RW-1111,Cowhide Purse Rwanda,Beautiful cowhide purse made by skilled Nyamirambo leatherworkers,leather,suede,Nyamirambo,102039,ART-012
RW-1112,Kigali Leather Boots,Handcrafted leather boots made by skilled Nyamirambo leatherworker artisans,leather,cowhide,Nyamirambo,124696,ART-013
RW-1113,Rwanda Leather Handbag,Premium leather handbag crafted by local Nyamirambo leatherworkers,leather,leather,Nyamirambo,140704,ART-014
RW-1114,Leather Wallet Rwanda,Genuine cowhide wallet handmade by Nyamirambo leather artisan,leather,suede,Nyamirambo,67906,ART-015
RW-1115,Leather Belt Kigali,Hand-stitched leather belt from Rwandan cowhide by Nyamirambo artisan,leather,cowhide,Nyamirambo,147024,ART-016
RW-1116,Suede Loafers Kigali,Comfortable suede loafers handcrafted in Nyamirambo by skilled cobbler,leather,leather,Nyamirambo,5009,ART-017
RW-1117,Leather Sandals Rwanda,Traditional leather sandals handmade in Nyamirambo workshop,leather,suede,Nyamirambo,32029,ART-018
RW-1118,Leather Backpack Kigali,Durable leather backpack handcrafted by Nyamirambo local artisans,leather,cowhide,Nyamirambo,142763,ART-019
RW-1119,Cowhide Purse Rwanda,Beautiful cowhide purse made by skilled Nyamirambo leatherworkers,leather,leather,Nyamirambo,71946,ART-020
RW-1120,Kigali Leather Boots,Handcrafted leather boots made by skilled Nyamirambo leatherworker artisans,leather,suede,Nyamirambo,91174,ART-021
RW-1121,Rwanda Leather Handbag,Premium leather handbag crafted by local Nyamirambo leatherworkers,leather,cowhide,Nyamirambo,31242,ART-022
RW-1122,Leather Wallet Rwanda,Genuine cowhide wallet handmade by Nyamirambo leather artisan,leather,leather,Nyamirambo,78939,ART-023
RW-1123,Leather Belt Kigali,Hand-stitched leather belt from Rwandan cowhide by Nyamirambo artisan,leather,suede,Nyamirambo,115971,ART-024
RW-1124,Suede Loafers Kigali,Comfortable suede loafers handcrafted in Nyamirambo by skilled cobbler,leather,cowhide,Nyamirambo,43460,ART-025
RW-1125,Leather Sandals Rwanda,Traditional leather sandals handmade in Nyamirambo workshop,leather,leather,Nyamirambo,120940,ART-026
RW-1126,Leather Backpack Kigali,Durable leather backpack handcrafted by Nyamirambo local artisans,leather,suede,Nyamirambo,2850,ART-027
RW-1127,Cowhide Purse Rwanda,Beautiful cowhide purse made by skilled Nyamirambo leatherworkers,leather,cowhide,Nyamirambo,71045,ART-028
RW-1128,Kigali Leather Boots,Handcrafted leather boots made by skilled Nyamirambo leatherworker artisans,leather,leather,Nyamirambo,133225,ART-029
RW-1129,Rwanda Leather Handbag,Premium leather handbag crafted by local Nyamirambo leatherworkers,leather,suede,Nyamirambo,48832,ART-030
RW-1130,Leather Wallet Rwanda,Genuine cowhide wallet handmade by Nyamirambo leather artisan,leather,cowhide,Nyamirambo,135085,ART-031
RW-1131,Leather Belt Kigali,Hand-stitched leather belt from Rwandan cowhide by Nyamirambo artisan,leather,leather,Nyamirambo,29894,ART-032
RW-1132,Suede Loafers Kigali,Comfortable suede loafers handcrafted in Nyamirambo by skilled cobbler,leather,suede,Nyamirambo,80235,ART-033
RW-1133,Leather Sandals Rwanda,Traditional leather sandals handmade in Nyamirambo workshop,leather,cowhide,Nyamirambo,135080,ART-034
RW-1134,Leather Backpack Kigali,Durable leather backpack handcrafted by Nyamirambo local artisans,leather,leather,Nyamirambo,54143,ART-035
RW-1135,Cowhide Purse Rwanda,Beautiful cowhide purse made by skilled Nyamirambo leatherworkers,leather,suede,Nyamirambo,42065,ART-036
RW-1136,Kigali Leather Boots,Handcrafted leather boots made by skilled Nyamirambo leatherworker artisans,leather,cowhide,Nyamirambo,100019,ART-037
RW-1137,Rwanda Leather Handbag,Premium leather handbag crafted by local Nyamirambo leatherworkers,leather,leather,Nyamirambo,44349,ART-038
RW-1138,Leather Wallet Rwanda,Genuine cowhide wallet handmade by Nyamirambo leather artisan,leather,suede,Nyamirambo,143394,ART-039
RW-1139,Leather Belt Kigali,Hand-stitched leather belt from Rwandan cowhide by Nyamirambo artisan,leather,cowhide,Nyamirambo,141029,ART-040
RW-1140,Suede Loafers Kigali,Comfortable suede loafers handcrafted in Nyamirambo by skilled cobbler,leather,leather,Nyamirambo,2149,ART-041
RW-1141,Leather Sandals Rwanda,Traditional leather sandals handmade in Nyamirambo workshop,leather,suede,Nyamirambo,86975,ART-042
RW-1142,Leather Backpack Kigali,Durable leather backpack handcrafted by Nyamirambo local artisans,leather,cowhide,Nyamirambo,130085,ART-043
RW-1143,Cowhide Purse Rwanda,Beautiful cowhide purse made by skilled Nyamirambo leatherworkers,leather,leather,Nyamirambo,7105,ART-044
RW-1144,Kigali Leather Boots,Handcrafted leather boots made by skilled Nyamirambo leatherworker artisans,leather,suede,Nyamirambo,31325,ART-045
RW-1145,Rwanda Leather Handbag,Premium leather handbag crafted by local Nyamirambo leatherworkers,leather,cowhide,Nyamirambo,97153,ART-046
RW-1146,Leather Wallet Rwanda,Genuine cowhide wallet handmade by Nyamirambo leather artisan,leather,leather,Nyamirambo,82612,ART-047
RW-1147,Leather Belt Kigali,Hand-stitched leather belt from Rwandan cowhide by Nyamirambo artisan,leather,suede,Nyamirambo,64770,ART-048
RW-1148,Suede Loafers Kigali,Comfortable suede loafers handcrafted in Nyamirambo by skilled cobbler,leather,cowhide,Nyamirambo,17184,ART-049
RW-1149,Leather Sandals Rwanda,Traditional leather sandals handmade in Nyamirambo workshop,leather,leather,Nyamirambo,65143,ART-050
RW-1150,Leather Backpack Kigali,Durable leather backpack handcrafted by Nyamirambo local artisans,leather,suede,Nyamirambo,22645,ART-001
RW-1151,Cowhide Purse Rwanda,Beautiful cowhide purse made by skilled Nyamirambo leatherworkers,leather,cowhide,Nyamirambo,24453,ART-002
RW-1152,Kigali Leather Boots,Handcrafted leather boots made by skilled Nyamirambo leatherworker artisans,leather,leather,Nyamirambo,129399,ART-003
RW-1153,Rwanda Leather Handbag,Premium leather handbag crafted by local Nyamirambo leatherworkers,leather,suede,Nyamirambo,20143,ART-004
RW-1154,Leather Wallet Rwanda,Genuine cowhide wallet handmade by Nyamirambo leather artisan,leather,cowhide,Nyamirambo,141645,ART-005
RW-1155,Leather Belt Kigali,Hand-stitched leather belt from Rwandan cowhide by Nyamirambo artisan,leather,leather,Nyamirambo,34967,ART-006
RW-1156,Suede Loafers Kigali,Comfortable suede loafers handcrafted in Nyamirambo by skilled cobbler,leather,suede,Nyamirambo,35657,ART-007
RW-1157,Leather Sandals Rwanda,Traditional leather sandals handmade in Nyamirambo workshop,leather,cowhide,Nyamirambo,126592,ART-008
RW-1158,Leather Backpack Kigali,Durable leather backpack handcrafted by Nyamirambo local artisans,leather,leather,Nyamirambo,146127,ART-009
RW-1159,Cowhide Purse Rwanda,Beautiful cowhide purse made by skilled Nyamirambo leatherworkers,leather,suede,Nyamirambo,45287,ART-010
RW-1160,Rwandan Peace Basket,Traditional Rwandan agaseke peace basket handwoven by women cooperative,basketry,sisal,Kimironko,71483,ART-011
RW-1161,Sisal Shopping Basket,Eco-friendly sisal shopping basket woven in rural Rwanda cooperative,basketry,raffia,Kicukiro,140326,ART-012
RW-1162,Papyrus Storage Basket,Large papyrus storage basket from Lake Kivu region artisans,basketry,bamboo,Gasabo,112923,ART-013
RW-1163,Bamboo Fruit Basket,Beautiful bamboo fruit basket handwoven by Musanze artisans cooperative,basketry,papyrus,Musanze,57521,ART-014
RW-1164,Raffia Gift Basket,Decorative raffia gift basket with traditional Rwandan patterns,basketry,sisal,Huye,143373,ART-015
RW-1165,Woven Market Basket,Sturdy woven market basket from Huye women cooperative,basketry,raffia,Rubavu,54730,ART-016
RW-1166,Mini Agaseke Basket,Small traditional agaseke basket perfect as Made in Rwanda gift,basketry,bamboo,Muhanga,83714,ART-017
RW-1167,Sisal Wall Decoration,Decorative sisal wall piece handwoven by Kimironko artisans,basketry,papyrus,Kimironko,106593,ART-018
RW-1168,Rwandan Peace Basket,Traditional Rwandan agaseke peace basket handwoven by women cooperative,basketry,sisal,Kicukiro,99889,ART-019
RW-1169,Sisal Shopping Basket,Eco-friendly sisal shopping basket woven in rural Rwanda cooperative,basketry,raffia,Gasabo,116845,ART-020
RW-1170,Papyrus Storage Basket,Large papyrus storage basket from Lake Kivu region artisans,basketry,bamboo,Musanze,137679,ART-021
RW-1171,Bamboo Fruit Basket,Beautiful bamboo fruit basket handwoven by Musanze artisans cooperative,basketry,papyrus,Huye,120354,ART-022
RW-1172,Raffia Gift Basket,Decorative raffia gift basket with traditional Rwandan patterns,basketry,sisal,Rubavu,33720,ART-023
RW-1173,Woven Market Basket,Sturdy woven market basket from Huye women cooperative,basketry,raffia,Muhanga,66986,ART-024
RW-1174,Mini Agaseke Basket,Small traditional agaseke basket perfect as Made in Rwanda gift,basketry,bamboo,Kimironko,60903,ART-025
RW-1175,Sisal Wall Decoration,Decorative sisal wall piece handwoven by Kimironko artisans,basketry,papyrus,Kicukiro,18784,ART-026
RW-1176,Rwandan Peace Basket,Traditional Rwandan agaseke peace basket handwoven by women cooperative,basketry,sisal,Gasabo,90627,ART-027
RW-1177,Sisal Shopping Basket,Eco-friendly sisal shopping basket woven in rural Rwanda cooperative,basketry,raffia,Musanze,7514,ART-028
RW-1178,Papyrus Storage Basket,Large papyrus storage basket from Lake Kivu region artisans,basketry,bamboo,Huye,147207,ART-029
RW-1179,Bamboo Fruit Basket,Beautiful bamboo fruit basket handwoven by Musanze artisans cooperative,basketry,papyrus,Rubavu,62323,ART-030
RW-1180,Raffia Gift Basket,Decorative raffia gift basket with traditional Rwandan patterns,basketry,sisal,Muhanga,59728,ART-031
RW-1181,Woven Market Basket,Sturdy woven market basket from Huye women cooperative,basketry,raffia,Kimironko,3885,ART-032
RW-1182,Mini Agaseke Basket,Small traditional agaseke basket perfect as Made in Rwanda gift,basketry,bamboo,Kicukiro,20610,ART-033
RW-1183,Sisal Wall Decoration,Decorative sisal wall piece handwoven by Kimironko artisans,basketry,papyrus,Gasabo,17433,ART-034
RW-1184,Rwandan Peace Basket,Traditional Rwandan agaseke peace basket handwoven by women cooperative,basketry,sisal,Musanze,62015,ART-035
RW-1185,Sisal Shopping Basket,Eco-friendly sisal shopping basket woven in rural Rwanda cooperative,basketry,raffia,Huye,19668,ART-036
RW-1186,Papyrus Storage Basket,Large papyrus storage basket from Lake Kivu region artisans,basketry,bamboo,Rubavu,10234,ART-037
RW-1187,Bamboo Fruit Basket,Beautiful bamboo fruit basket handwoven by Musanze artisans cooperative,basketry,papyrus,Muhanga,88619,ART-038
RW-1188,Raffia Gift Basket,Decorative raffia gift basket with traditional Rwandan patterns,basketry,sisal,Kimironko,20574,ART-039
RW-1189,Woven Market Basket,Sturdy woven market basket from Huye women cooperative,basketry,raffia,Kicukiro,136782,ART-040
RW-1190,Mini Agaseke Basket,Small traditional agaseke basket perfect as Made in Rwanda gift,basketry,bamboo,Gasabo,64391,ART-041
RW-1191,Sisal Wall Decoration,Decorative sisal wall piece handwoven by Kimironko artisans,basketry,papyrus,Musanze,75001,ART-042
RW-1192,Rwandan Peace Basket,Traditional Rwandan agaseke peace basket handwoven by women cooperative,basketry,sisal,Huye,129248,ART-043
RW-1193,Sisal Shopping Basket,Eco-friendly sisal shopping basket woven in rural Rwanda cooperative,basketry,raffia,Rubavu,58160,ART-044
RW-1194,Papyrus Storage Basket,Large papyrus storage basket from Lake Kivu region artisans,basketry,bamboo,Muhanga,143356,ART-045
RW-1195,Bamboo Fruit Basket,Beautiful bamboo fruit basket handwoven by Musanze artisans cooperative,basketry,papyrus,Kimironko,36684,ART-046
RW-1196,Raffia Gift Basket,Decorative raffia gift basket with traditional Rwandan patterns,basketry,sisal,Kicukiro,125907,ART-047
RW-1197,Woven Market Basket,Sturdy woven market basket from Huye women cooperative,basketry,raffia,Gasabo,65700,ART-048
RW-1198,Mini Agaseke Basket,Small traditional agaseke basket perfect as Made in Rwanda gift,basketry,bamboo,Musanze,125987,ART-049
RW-1199,Sisal Wall Decoration,Decorative sisal wall piece handwoven by Kimironko artisans,basketry,papyrus,Huye,108708,ART-050
RW-1200,Rwandan Peace Basket,Traditional Rwandan agaseke peace basket handwoven by women cooperative,basketry,sisal,Rubavu,51914,ART-001
RW-1201,Sisal Shopping Basket,Eco-friendly sisal shopping basket woven in rural Rwanda cooperative,basketry,raffia,Muhanga,26726,ART-002
RW-1202,Papyrus Storage Basket,Large papyrus storage basket from Lake Kivu region artisans,basketry,bamboo,Kimironko,27409,ART-003
RW-1203,Bamboo Fruit Basket,Beautiful bamboo fruit basket handwoven by Musanze artisans cooperative,basketry,papyrus,Kicukiro,114997,ART-004
RW-1204,Raffia Gift Basket,Decorative raffia gift basket with traditional Rwandan patterns,basketry,sisal,Gasabo,94876,ART-005
RW-1205,Woven Market Basket,Sturdy woven market basket from Huye women cooperative,basketry,raffia,Musanze,113038,ART-006
RW-1206,Mini Agaseke Basket,Small traditional agaseke basket perfect as Made in Rwanda gift,basketry,bamboo,Huye,109767,ART-007
RW-1207,Sisal Wall Decoration,Decorative sisal wall piece handwoven by Kimironko artisans,basketry,papyrus,Rubavu,124427,ART-008
RW-1208,Rwandan Peace Basket,Traditional Rwandan agaseke peace basket handwoven by women cooperative,basketry,sisal,Muhanga,16200,ART-009
RW-1209,Sisal Shopping Basket,Eco-friendly sisal shopping basket woven in rural Rwanda cooperative,basketry,raffia,Kimironko,27799,ART-010
RW-1210,Papyrus Storage Basket,Large papyrus storage basket from Lake Kivu region artisans,basketry,bamboo,Kicukiro,17889,ART-011
RW-1211,Bamboo Fruit Basket,Beautiful bamboo fruit basket handwoven by Musanze artisans cooperative,basketry,papyrus,Gasabo,107544,ART-012
RW-1212,Raffia Gift Basket,Decorative raffia gift basket with traditional Rwandan patterns,basketry,sisal,Musanze,90946,ART-013
RW-1213,Woven Market Basket,Sturdy woven market basket from Huye women cooperative,basketry,raffia,Huye,30644,ART-014
RW-1214,Mini Agaseke Basket,Small traditional agaseke basket perfect as Made in Rwanda gift,basketry,bamboo,Rubavu,67183,ART-015
RW-1215,Sisal Wall Decoration,Decorative sisal wall piece handwoven by Kimironko artisans,basketry,papyrus,Muhanga,52224,ART-016
RW-1216,Rwandan Peace Basket,Traditional Rwandan agaseke peace basket handwoven by women cooperative,basketry,sisal,Kimironko,51862,ART-017
RW-1217,Sisal Shopping Basket,Eco-friendly sisal shopping basket woven in rural Rwanda cooperative,basketry,raffia,Kicukiro,142584,ART-018
RW-1218,Papyrus Storage Basket,Large papyrus storage basket from Lake Kivu region artisans,basketry,bamboo,Gasabo,119601,ART-019
RW-1219,Bamboo Fruit Basket,Beautiful bamboo fruit basket handwoven by Musanze artisans cooperative,basketry,papyrus,Musanze,38747,ART-020
RW-1220,Raffia Gift Basket,Decorative raffia gift basket with traditional Rwandan patterns,basketry,sisal,Huye,112593,ART-021
RW-1221,Woven Market Basket,Sturdy woven market basket from Huye women cooperative,basketry,raffia,Rubavu,50100,ART-022
RW-1222,Mini Agaseke Basket,Small traditional agaseke basket perfect as Made in Rwanda gift,basketry,bamboo,Muhanga,75018,ART-023
RW-1223,Sisal Wall Decoration,Decorative sisal wall piece handwoven by Kimironko artisans,basketry,papyrus,Kimironko,123275,ART-024
RW-1224,Rwandan Peace Basket,Traditional Rwandan agaseke peace basket handwoven by women cooperative,basketry,sisal,Kicukiro,67485,ART-025
RW-1225,Sisal Shopping Basket,Eco-friendly sisal shopping basket woven in rural Rwanda cooperative,basketry,raffia,Gasabo,21761,ART-026
RW-1226,Papyrus Storage Basket,Large papyrus storage basket from Lake Kivu region artisans,basketry,bamboo,Musanze,118164,ART-027
RW-1227,Bamboo Fruit Basket,Beautiful bamboo fruit basket handwoven by Musanze artisans cooperative,basketry,papyrus,Huye,146264,ART-028
RW-1228,Raffia Gift Basket,Decorative raffia gift basket with traditional Rwandan patterns,basketry,sisal,Rubavu,27666,ART-029
RW-1229,Woven Market Basket,Sturdy woven market basket from Huye women cooperative,basketry,raffia,Muhanga,15261,ART-030
RW-1230,Mini Agaseke Basket,Small traditional agaseke basket perfect as Made in Rwanda gift,basketry,bamboo,Kimironko,143711,ART-031
RW-1231,Sisal Wall Decoration,Decorative sisal wall piece handwoven by Kimironko artisans,basketry,papyrus,Kicukiro,5868,ART-032
RW-1232,Rwandan Peace Basket,Traditional Rwandan agaseke peace basket handwoven by women cooperative,basketry,sisal,Gasabo,26448,ART-033
RW-1233,Sisal Shopping Basket,Eco-friendly sisal shopping basket woven in rural Rwanda cooperative,basketry,raffia,Musanze,63965,ART-034
RW-1234,Papyrus Storage Basket,Large papyrus storage basket from Lake Kivu region artisans,basketry,bamboo,Huye,45597,ART-035
RW-1235,Bamboo Fruit Basket,Beautiful bamboo fruit basket handwoven by Musanze artisans cooperative,basketry,papyrus,Rubavu,108539,ART-036
RW-1236,Raffia Gift Basket,Decorative raffia gift basket with traditional Rwandan patterns,basketry,sisal,Muhanga,129307,ART-037
RW-1237,Woven Market Basket,Sturdy woven market basket from Huye women cooperative,basketry,raffia,Kimironko,128185,ART-038
RW-1238,Mini Agaseke Basket,Small traditional agaseke basket perfect as Made in Rwanda gift,basketry,bamboo,Kicukiro,58032,ART-039
RW-1239,Sisal Wall Decoration,Decorative sisal wall piece handwoven by Kimironko artisans,basketry,papyrus,Gasabo,107130,ART-040
RW-1240,Rwandan Beaded Necklace,Colorful beaded necklace handmade by Kigali women cooperative artisans,jewellery,beads,Kimironko,17370,ART-041
RW-1241,Copper Bangle Rwanda,Hand-beaten copper bangle made by local Rwandan artisans,jewellery,silver,Kicukiro,45158,ART-042
RW-1242,Silver Earrings Kigali,Elegant silver earrings crafted by skilled Rwandan jewelers cooperative,jewellery,copper,Gasabo,101345,ART-043
RW-1243,Bone Bracelet Rwanda,Traditional bone bracelet handcarved by skilled Rwanda artisan,jewellery,bone,Musanze,2565,ART-044
RW-1244,Wooden Bead Necklace,Natural wooden bead necklace from sustainable Rwandan forest materials,jewellery,wood,Huye,104346,ART-045
RW-1245,Beaded Anklet Kigali,Colorful beaded anklet handmade in Kigali cooperative workshop,jewellery,beads,Rubavu,71521,ART-046
RW-1246,Copper Ring Rwanda,Handcrafted copper ring made by skilled Kigali artisans,jewellery,silver,Muhanga,121277,ART-047
RW-1247,Beaded Hair Pins,Traditional beaded hair pins made by Rwandan women cooperative,jewellery,copper,Kimironko,76776,ART-048
RW-1248,Rwandan Beaded Necklace,Colorful beaded necklace handmade by Kigali women cooperative artisans,jewellery,bone,Kicukiro,112888,ART-049
RW-1249,Copper Bangle Rwanda,Hand-beaten copper bangle made by local Rwandan artisans,jewellery,wood,Gasabo,147691,ART-050
RW-1250,Silver Earrings Kigali,Elegant silver earrings crafted by skilled Rwandan jewelers cooperative,jewellery,beads,Musanze,129577,ART-001
RW-1251,Bone Bracelet Rwanda,Traditional bone bracelet handcarved by skilled Rwanda artisan,jewellery,silver,Huye,42579,ART-002
RW-1252,Wooden Bead Necklace,Natural wooden bead necklace from sustainable Rwandan forest materials,jewellery,copper,Rubavu,51780,ART-003
RW-1253,Beaded Anklet Kigali,Colorful beaded anklet handmade in Kigali cooperative workshop,jewellery,bone,Muhanga,79780,ART-004
RW-1254,Copper Ring Rwanda,Handcrafted copper ring made by skilled Kigali artisans,jewellery,wood,Kimironko,59068,ART-005
RW-1255,Beaded Hair Pins,Traditional beaded hair pins made by Rwandan women cooperative,jewellery,beads,Kicukiro,17331,ART-006
RW-1256,Rwandan Beaded Necklace,Colorful beaded necklace handmade by Kigali women cooperative artisans,jewellery,silver,Gasabo,144133,ART-007
RW-1257,Copper Bangle Rwanda,Hand-beaten copper bangle made by local Rwandan artisans,jewellery,copper,Musanze,17979,ART-008
RW-1258,Silver Earrings Kigali,Elegant silver earrings crafted by skilled Rwandan jewelers cooperative,jewellery,bone,Huye,84209,ART-009
RW-1259,Bone Bracelet Rwanda,Traditional bone bracelet handcarved by skilled Rwanda artisan,jewellery,wood,Rubavu,16985,ART-010
RW-1260,Wooden Bead Necklace,Natural wooden bead necklace from sustainable Rwandan forest materials,jewellery,beads,Muhanga,15144,ART-011
RW-1261,Beaded Anklet Kigali,Colorful beaded anklet handmade in Kigali cooperative workshop,jewellery,silver,Kimironko,126987,ART-012
RW-1262,Copper Ring Rwanda,Handcrafted copper ring made by skilled Kigali artisans,jewellery,copper,Kicukiro,133819,ART-013
RW-1263,Beaded Hair Pins,Traditional beaded hair pins made by Rwandan women cooperative,jewellery,bone,Gasabo,141231,ART-014
RW-1264,Rwandan Beaded Necklace,Colorful beaded necklace handmade by Kigali women cooperative artisans,jewellery,wood,Musanze,43270,ART-015
RW-1265,Copper Bangle Rwanda,Hand-beaten copper bangle made by local Rwandan artisans,jewellery,beads,Huye,16910,ART-016
RW-1266,Silver Earrings Kigali,Elegant silver earrings crafted by skilled Rwandan jewelers cooperative,jewellery,silver,Rubavu,135124,ART-017
RW-1267,Bone Bracelet Rwanda,Traditional bone bracelet handcarved by skilled Rwanda artisan,jewellery,copper,Muhanga,23000,ART-018
RW-1268,Wooden Bead Necklace,Natural wooden bead necklace from sustainable Rwandan forest materials,jewellery,bone,Kimironko,50712,ART-019
RW-1269,Beaded Anklet Kigali,Colorful beaded anklet handmade in Kigali cooperative workshop,jewellery,wood,Kicukiro,19962,ART-020
RW-1270,Copper Ring Rwanda,Handcrafted copper ring made by skilled Kigali artisans,jewellery,beads,Gasabo,19815,ART-021
RW-1271,Beaded Hair Pins,Traditional beaded hair pins made by Rwandan women cooperative,jewellery,silver,Musanze,63657,ART-022
RW-1272,Rwandan Beaded Necklace,Colorful beaded necklace handmade by Kigali women cooperative artisans,jewellery,copper,Huye,107847,ART-023
RW-1273,Copper Bangle Rwanda,Hand-beaten copper bangle made by local Rwandan artisans,jewellery,bone,Rubavu,33427,ART-024
RW-1274,Silver Earrings Kigali,Elegant silver earrings crafted by skilled Rwandan jewelers cooperative,jewellery,wood,Muhanga,66543,ART-025
RW-1275,Bone Bracelet Rwanda,Traditional bone bracelet handcarved by skilled Rwanda artisan,jewellery,beads,Kimironko,12418,ART-026
RW-1276,Wooden Bead Necklace,Natural wooden bead necklace from sustainable Rwandan forest materials,jewellery,silver,Kicukiro,23491,ART-027
RW-1277,Beaded Anklet Kigali,Colorful beaded anklet handmade in Kigali cooperative workshop,jewellery,copper,Gasabo,111897,ART-028
RW-1278,Copper Ring Rwanda,Handcrafted copper ring made by skilled Kigali artisans,jewellery,bone,Musanze,139044,ART-029
RW-1279,Beaded Hair Pins,Traditional beaded hair pins made by Rwandan women cooperative,jewellery,wood,Huye,84934,ART-030
RW-1280,Rwandan Beaded Necklace,Colorful beaded necklace handmade by Kigali women cooperative artisans,jewellery,beads,Rubavu,70358,ART-031
RW-1281,Copper Bangle Rwanda,Hand-beaten copper bangle made by local Rwandan artisans,jewellery,silver,Muhanga,55545,ART-032
RW-1282,Silver Earrings Kigali,Elegant silver earrings crafted by skilled Rwandan jewelers cooperative,jewellery,copper,Kimironko,84361,ART-033
RW-1283,Bone Bracelet Rwanda,Traditional bone bracelet handcarved by skilled Rwanda artisan,jewellery,bone,Kicukiro,64570,ART-034
RW-1284,Wooden Bead Necklace,Natural wooden bead necklace from sustainable Rwandan forest materials,jewellery,wood,Gasabo,71629,ART-035
RW-1285,Beaded Anklet Kigali,Colorful beaded anklet handmade in Kigali cooperative workshop,jewellery,beads,Musanze,105752,ART-036
RW-1286,Copper Ring Rwanda,Handcrafted copper ring made by skilled Kigali artisans,jewellery,silver,Huye,36308,ART-037
RW-1287,Beaded Hair Pins,Traditional beaded hair pins made by Rwandan women cooperative,jewellery,copper,Rubavu,80642,ART-038
RW-1288,Rwandan Beaded Necklace,Colorful beaded necklace handmade by Kigali women cooperative artisans,jewellery,bone,Muhanga,121858,ART-039
RW-1289,Copper Bangle Rwanda,Hand-beaten copper bangle made by local Rwandan artisans,jewellery,wood,Kimironko,84883,ART-040
RW-1290,Silver Earrings Kigali,Elegant silver earrings crafted by skilled Rwandan jewelers cooperative,jewellery,beads,Kicukiro,21016,ART-041
RW-1291,Bone Bracelet Rwanda,Traditional bone bracelet handcarved by skilled Rwanda artisan,jewellery,silver,Gasabo,4441,ART-042
RW-1292,Wooden Bead Necklace,Natural wooden bead necklace from sustainable Rwandan forest materials,jewellery,copper,Musanze,122136,ART-043
RW-1293,Beaded Anklet Kigali,Colorful beaded anklet handmade in Kigali cooperative workshop,jewellery,bone,Huye,149585,ART-044
RW-1294,Copper Ring Rwanda,Handcrafted copper ring made by skilled Kigali artisans,jewellery,wood,Rubavu,28209,ART-045
RW-1295,Beaded Hair Pins,Traditional beaded hair pins made by Rwandan women cooperative,jewellery,beads,Muhanga,21204,ART-046
RW-1296,Rwandan Beaded Necklace,Colorful beaded necklace handmade by Kigali women cooperative artisans,jewellery,silver,Kimironko,142937,ART-047
RW-1297,Copper Bangle Rwanda,Hand-beaten copper bangle made by local Rwandan artisans,jewellery,copper,Kicukiro,57877,ART-048
RW-1298,Silver Earrings Kigali,Elegant silver earrings crafted by skilled Rwandan jewelers cooperative,jewellery,bone,Gasabo,134614,ART-049
RW-1299,Bone Bracelet Rwanda,Traditional bone bracelet handcarved by skilled Rwanda artisan,jewellery,wood,Musanze,71520,ART-050
RW-1300,Wooden Bead Necklace,Natural wooden bead necklace from sustainable Rwandan forest materials,jewellery,beads,Huye,36722,ART-001
RW-1301,Beaded Anklet Kigali,Colorful beaded anklet handmade in Kigali cooperative workshop,jewellery,silver,Rubavu,93490,ART-002
RW-1302,Copper Ring Rwanda,Handcrafted copper ring made by skilled Kigali artisans,jewellery,copper,Muhanga,20033,ART-003
RW-1303,Beaded Hair Pins,Traditional beaded hair pins made by Rwandan women cooperative,jewellery,bone,Kimironko,66037,ART-004
RW-1304,Rwandan Beaded Necklace,Colorful beaded necklace handmade by Kigali women cooperative artisans,jewellery,wood,Kicukiro,98869,ART-005
RW-1305,Copper Bangle Rwanda,Hand-beaten copper bangle made by local Rwandan artisans,jewellery,beads,Gasabo,76707,ART-006
RW-1306,Silver Earrings Kigali,Elegant silver earrings crafted by skilled Rwandan jewelers cooperative,jewellery,silver,Musanze,43352,ART-007
RW-1307,Bone Bracelet Rwanda,Traditional bone bracelet handcarved by skilled Rwanda artisan,jewellery,copper,Huye,116867,ART-008
RW-1308,Wooden Bead Necklace,Natural wooden bead necklace from sustainable Rwandan forest materials,jewellery,bone,Rubavu,144401,ART-009
RW-1309,Beaded Anklet Kigali,Colorful beaded anklet handmade in Kigali cooperative workshop,jewellery,wood,Muhanga,81303,ART-010
RW-1310,Copper Ring Rwanda,Handcrafted copper ring made by skilled Kigali artisans,jewellery,beads,Kimironko,140658,ART-011
RW-1311,Beaded Hair Pins,Traditional beaded hair pins made by Rwandan women cooperative,jewellery,silver,Kicukiro,4050,ART-012
RW-1312,Rwandan Beaded Necklace,Colorful beaded necklace handmade by Kigali women cooperative artisans,jewellery,copper,Gasabo,147385,ART-013
RW-1313,Copper Bangle Rwanda,Hand-beaten copper bangle made by local Rwandan artisans,jewellery,bone,Musanze,80480,ART-014
RW-1314,Silver Earrings Kigali,Elegant silver earrings crafted by skilled Rwandan jewelers cooperative,jewellery,wood,Huye,29154,ART-015
RW-1315,Bone Bracelet Rwanda,Traditional bone bracelet handcarved by skilled Rwanda artisan,jewellery,beads,Rubavu,37203,ART-016
RW-1316,Wooden Bead Necklace,Natural wooden bead necklace from sustainable Rwandan forest materials,jewellery,silver,Muhanga,71328,ART-017
RW-1317,Beaded Anklet Kigali,Colorful beaded anklet handmade in Kigali cooperative workshop,jewellery,copper,Kimironko,32258,ART-018
RW-1318,Copper Ring Rwanda,Handcrafted copper ring made by skilled Kigali artisans,jewellery,bone,Kicukiro,30058,ART-019
RW-1319,Beaded Hair Pins,Traditional beaded hair pins made by Rwandan women cooperative,jewellery,wood,Gasabo,147024,ART-020
RW-1320,Imigongo Wall Art,Traditional Rwandan Imigongo geometric wall art handpainted by local artist,home-decor,wood,Kimironko,42749,ART-021
RW-1321,Clay Cooking Pot Rwanda,Traditional Rwandan clay cooking pot handmade by Huye potters cooperative,home-decor,clay,Kicukiro,73394,ART-022
RW-1322,Wooden Serving Bowl,Hand-carved wooden serving bowl from Rwandan mahogany by local artisan,home-decor,sisal,Gasabo,75860,ART-023
RW-1323,Sisal Table Mat,Eco-friendly sisal table mat woven by local Rwandan cooperative,home-decor,papyrus,Musanze,57215,ART-024
RW-1324,Papyrus Lampshade,Beautiful papyrus lampshade handwoven by Rubavu artisans,home-decor,recycled,Huye,91884,ART-025
RW-1325,Recycled Metal Sculpture,Artistic metal sculpture made from recycled materials by Kigali artisan,home-decor,wood,Rubavu,55371,ART-026
RW-1326,Clay Tea Set Rwanda,Traditional clay tea set handmade by skilled Huye potters,home-decor,clay,Muhanga,71201,ART-027
RW-1327,Wooden Photo Frame,Hand-carved wooden photo frame from sustainable Rwandan timber,home-decor,sisal,Kimironko,134489,ART-028
RW-1328,Imigongo Wall Art,Traditional Rwandan Imigongo geometric wall art handpainted by local artist,home-decor,papyrus,Kicukiro,130065,ART-029
RW-1329,Clay Cooking Pot Rwanda,Traditional Rwandan clay cooking pot handmade by Huye potters cooperative,home-decor,recycled,Gasabo,67829,ART-030
RW-1330,Wooden Serving Bowl,Hand-carved wooden serving bowl from Rwandan mahogany by local artisan,home-decor,wood,Musanze,15316,ART-031
RW-1331,Sisal Table Mat,Eco-friendly sisal table mat woven by local Rwandan cooperative,home-decor,clay,Huye,26195,ART-032
RW-1332,Papyrus Lampshade,Beautiful papyrus lampshade handwoven by Rubavu artisans,home-decor,sisal,Rubavu,113037,ART-033
RW-1333,Recycled Metal Sculpture,Artistic metal sculpture made from recycled materials by Kigali artisan,home-decor,papyrus,Muhanga,74530,ART-034
RW-1334,Clay Tea Set Rwanda,Traditional clay tea set handmade by skilled Huye potters,home-decor,recycled,Kimironko,13557,ART-035
RW-1335,Wooden Photo Frame,Hand-carved wooden photo frame from sustainable Rwandan timber,home-decor,wood,Kicukiro,2929,ART-036
RW-1336,Imigongo Wall Art,Traditional Rwandan Imigongo geometric wall art handpainted by local artist,home-decor,clay,Gasabo,89439,ART-037
RW-1337,Clay Cooking Pot Rwanda,Traditional Rwandan clay cooking pot handmade by Huye potters cooperative,home-decor,sisal,Musanze,36293,ART-038
RW-1338,Wooden Serving Bowl,Hand-carved wooden serving bowl from Rwandan mahogany by local artisan,home-decor,papyrus,Huye,70670,ART-039
RW-1339,Sisal Table Mat,Eco-friendly sisal table mat woven by local Rwandan cooperative,home-decor,recycled,Rubavu,44357,ART-040
RW-1340,Papyrus Lampshade,Beautiful papyrus lampshade handwoven by Rubavu artisans,home-decor,wood,Muhanga,117824,ART-041
RW-1341,Recycled Metal Sculpture,Artistic metal sculpture made from recycled materials by Kigali artisan,home-decor,clay,Kimironko,146619,ART-042
RW-1342,Clay Tea Set Rwanda,Traditional clay tea set handmade by skilled Huye potters,home-decor,sisal,Kicukiro,114115,ART-043
RW-1343,Wooden Photo Frame,Hand-carved wooden photo frame from sustainable Rwandan timber,home-decor,papyrus,Gasabo,149038,ART-044
RW-1344,Imigongo Wall Art,Traditional Rwandan Imigongo geometric wall art handpainted by local artist,home-decor,recycled,Musanze,4534,ART-045
RW-1345,Clay Cooking Pot Rwanda,Traditional Rwandan clay cooking pot handmade by Huye potters cooperative,home-decor,wood,Huye,31327,ART-046
RW-1346,Wooden Serving Bowl,Hand-carved wooden serving bowl from Rwandan mahogany by local artisan,home-decor,clay,Rubavu,21724,ART-047
RW-1347,Sisal Table Mat,Eco-friendly sisal table mat woven by local Rwandan cooperative,home-decor,sisal,Muhanga,41073,ART-048
RW-1348,Papyrus Lampshade,Beautiful papyrus lampshade handwoven by Rubavu artisans,home-decor,papyrus,Kimironko,145023,ART-049
RW-1349,Recycled Metal Sculpture,Artistic metal sculpture made from recycled materials by Kigali artisan,home-decor,recycled,Kicukiro,11444,ART-050
RW-1350,Clay Tea Set Rwanda,Traditional clay tea set handmade by skilled Huye potters,home-decor,wood,Gasabo,98787,ART-001
RW-1351,Wooden Photo Frame,Hand-carved wooden photo frame from sustainable Rwandan timber,home-decor,clay,Musanze,146841,ART-002
RW-1352,Imigongo Wall Art,Traditional Rwandan Imigongo geometric wall art handpainted by local artist,home-decor,sisal,Huye,40821,ART-003
RW-1353,Clay Cooking Pot Rwanda,Traditional Rwandan clay cooking pot handmade by Huye potters cooperative,home-decor,papyrus,Rubavu,114666,ART-004
RW-1354,Wooden Serving Bowl,Hand-carved wooden serving bowl from Rwandan mahogany by local artisan,home-decor,recycled,Muhanga,35409,ART-005
RW-1355,Sisal Table Mat,Eco-friendly sisal table mat woven by local Rwandan cooperative,home-decor,wood,Kimironko,12965,ART-006
RW-1356,Papyrus Lampshade,Beautiful papyrus lampshade handwoven by Rubavu artisans,home-decor,clay,Kicukiro,82808,ART-007
RW-1357,Recycled Metal Sculpture,Artistic metal sculpture made from recycled materials by Kigali artisan,home-decor,sisal,Gasabo,97591,ART-008
RW-1358,Clay Tea Set Rwanda,Traditional clay tea set handmade by skilled Huye potters,home-decor,papyrus,Musanze,12458,ART-009
RW-1359,Wooden Photo Frame,Hand-carved wooden photo frame from sustainable Rwandan timber,home-decor,recycled,Huye,95797,ART-010
RW-1360,Imigongo Wall Art,Traditional Rwandan Imigongo geometric wall art handpainted by local artist,home-decor,wood,Rubavu,57070,ART-011
RW-1361,Clay Cooking Pot Rwanda,Traditional Rwandan clay cooking pot handmade by Huye potters cooperative,home-decor,clay,Muhanga,67412,ART-012
RW-1362,Wooden Serving Bowl,Hand-carved wooden serving bowl from Rwandan mahogany by local artisan,home-decor,sisal,Kimironko,28946,ART-013
RW-1363,Sisal Table Mat,Eco-friendly sisal table mat woven by local Rwandan cooperative,home-decor,papyrus,Kicukiro,94714,ART-014
RW-1364,Papyrus Lampshade,Beautiful papyrus lampshade handwoven by Rubavu artisans,home-decor,recycled,Gasabo,148770,ART-015
RW-1365,Recycled Metal Sculpture,Artistic metal sculpture made from recycled materials by Kigali artisan,home-decor,wood,Musanze,108529,ART-016
RW-1366,Clay Tea Set Rwanda,Traditional clay tea set handmade by skilled Huye potters,home-decor,clay,Huye,42515,ART-017
RW-1367,Wooden Photo Frame,Hand-carved wooden photo frame from sustainable Rwandan timber,home-decor,sisal,Rubavu,64059,ART-018
RW-1368,Imigongo Wall Art,Traditional Rwandan Imigongo geometric wall art handpainted by local artist,home-decor,papyrus,Muhanga,44598,ART-019
RW-1369,Clay Cooking Pot Rwanda,Traditional Rwandan clay cooking pot handmade by Huye potters cooperative,home-decor,recycled,Kimironko,48413,ART-020
RW-1370,Wooden Serving Bowl,Hand-carved wooden serving bowl from Rwandan mahogany by local artisan,home-decor,wood,Kicukiro,110080,ART-021
RW-1371,Sisal Table Mat,Eco-friendly sisal table mat woven by local Rwandan cooperative,home-decor,clay,Gasabo,8497,ART-022
RW-1372,Papyrus Lampshade,Beautiful papyrus lampshade handwoven by Rubavu artisans,home-decor,sisal,Musanze,49018,ART-023
RW-1373,Recycled Metal Sculpture,Artistic metal sculpture made from recycled materials by Kigali artisan,home-decor,papyrus,Huye,89080,ART-024
RW-1374,Clay Tea Set Rwanda,Traditional clay tea set handmade by skilled Huye potters,home-decor,recycled,Rubavu,109928,ART-025
RW-1375,Wooden Photo Frame,Hand-carved wooden photo frame from sustainable Rwandan timber,home-decor,wood,Muhanga,67055,ART-026
RW-1376,Imigongo Wall Art,Traditional Rwandan Imigongo geometric wall art handpainted by local artist,home-decor,clay,Kimironko,71941,ART-027
RW-1377,Clay Cooking Pot Rwanda,Traditional Rwandan clay cooking pot handmade by Huye potters cooperative,home-decor,sisal,Kicukiro,43732,ART-028
RW-1378,Wooden Serving Bowl,Hand-carved wooden serving bowl from Rwandan mahogany by local artisan,home-decor,papyrus,Gasabo,30336,ART-029
RW-1379,Sisal Table Mat,Eco-friendly sisal table mat woven by local Rwandan cooperative,home-decor,recycled,Musanze,102281,ART-030
RW-1380,Papyrus Lampshade,Beautiful papyrus lampshade handwoven by Rubavu artisans,home-decor,wood,Huye,12151,ART-031
RW-1381,Recycled Metal Sculpture,Artistic metal sculpture made from recycled materials by Kigali artisan,home-decor,clay,Rubavu,125388,ART-032
RW-1382,Clay Tea Set Rwanda,Traditional clay tea set handmade by skilled Huye potters,home-decor,sisal,Muhanga,60309,ART-033
RW-1383,Wooden Photo Frame,Hand-carved wooden photo frame from sustainable Rwandan timber,home-decor,papyrus,Kimironko,54316,ART-034
RW-1384,Imigongo Wall Art,Traditional Rwandan Imigongo geometric wall art handpainted by local artist,home-decor,recycled,Kicukiro,122665,ART-035
RW-1385,Clay Cooking Pot Rwanda,Traditional Rwandan clay cooking pot handmade by Huye potters cooperative,home-decor,wood,Gasabo,93660,ART-036
RW-1386,Wooden Serving Bowl,Hand-carved wooden serving bowl from Rwandan mahogany by local artisan,home-decor,clay,Musanze,82003,ART-037
RW-1387,Sisal Table Mat,Eco-friendly sisal table mat woven by local Rwandan cooperative,home-decor,sisal,Huye,61662,ART-038
RW-1388,Papyrus Lampshade,Beautiful papyrus lampshade handwoven by Rubavu artisans,home-decor,papyrus,Rubavu,60438,ART-039
RW-1389,Recycled Metal Sculpture,Artistic metal sculpture made from recycled materials by Kigali artisan,home-decor,recycled,Muhanga,8203,ART-040
RW-1390,Clay Tea Set Rwanda,Traditional clay tea set handmade by skilled Huye potters,home-decor,wood,Kimironko,52627,ART-041
RW-1391,Wooden Photo Frame,Hand-carved wooden photo frame from sustainable Rwandan timber,home-decor,clay,Kicukiro,106455,ART-042
RW-1392,Imigongo Wall Art,Traditional Rwandan Imigongo geometric wall art handpainted by local artist,home-decor,sisal,Gasabo,88051,ART-043
RW-1393,Clay Cooking Pot Rwanda,Traditional Rwandan clay cooking pot handmade by Huye potters cooperative,home-decor,papyrus,Musanze,75034,ART-044
RW-1394,Wooden Serving Bowl,Hand-carved wooden serving bowl from Rwandan mahogany by local artisan,home-decor,recycled,Huye,20198,ART-045
RW-1395,Sisal Table Mat,Eco-friendly sisal table mat woven by local Rwandan cooperative,home-decor,wood,Rubavu,75170,ART-046
RW-1396,Papyrus Lampshade,Beautiful papyrus lampshade handwoven by Rubavu artisans,home-decor,clay,Muhanga,94050,ART-047
RW-1397,Recycled Metal Sculpture,Artistic metal sculpture made from recycled materials by Kigali artisan,home-decor,sisal,Kimironko,135537,ART-048
RW-1398,Clay Tea Set Rwanda,Traditional clay tea set handmade by skilled Huye potters,home-decor,papyrus,Kicukiro,106773,ART-049
RW-1399,Wooden Photo Frame,Hand-carved wooden photo frame from sustainable Rwandan timber,home-decor,recycled,Gasabo,142565,ART-050
